https://c7.staticflickr.com/6/5499/10245691204_98dce75b5a_o.jpg	141489	XKWUMkcNib71Ge6Yq1/0/g==
https://farm1.staticflickr.com/5615/15335861457_ec2be7a54e_o.jpg	7054258	CyvuYIfw90WAr8y0a1PaOw==
https://c7.staticflickr.com/8/7590/17048042861_97168daff8_o.jpg	812483	cFlLPftwE0e7PznqGLwxKA==
https://farm5.staticflickr.com/5582/18233009494_029b52ca79_o.jpg	1282717	bIoO16vdUB8MpG+Wbe1bxw==
https://farm6.staticflickr.com/4126/5145819744_b4a7871064_o.jpg	3129329	nauUgLObUcXqCUxuVabxbw==
https://farm7.staticflickr.com/92/230781821_dff139d17b_o.jpg	87245	ixaVaEETCCZ6IKwc6Rm+0Q==
https://c5.staticflickr.com/9/8549/8704105458_a035405f0f_o.jpg	2651833	cE5R925yIq7czSPFMJbTiw==
https://farm7.staticflickr.com/7416/9940862744_4ef1834d86_o.jpg	527653	KJWGUQKTL+JqdBTmdpQ2fQ==
https://farm4.staticflickr.com/1282/4599122146_550ac7f976_o.jpg	503395	N0Xth8c2SsXjQ+aPcaQCQg==
https://c2.staticflickr.com/8/7038/6947057537_24fea839d0_o.jpg	1574751	L+Nh1xKAk+74Gqy0bzTMUQ==
https://c1.staticflickr.com/8/7617/16767947440_68d558453b_o.jpg	2609239	cV43EAx6RZHVfwjBf8LLLg==
https://farm4.staticflickr.com/3873/14152766838_f978e4b93e_o.jpg	6077294	83jfRg0XalNxAq4Bo5LG1g==
https://c6.staticflickr.com/3/2628/4135154445_4df5dd53f7_o.jpg	5331682	Nd3f13uRiP+5JBOlp+FeeQ==
https://c6.staticflickr.com/1/174/421050398_d398c18bed_o.jpg	273616	FLoTtALCzvhSphsHQbwgMw==
https://c2.staticflickr.com/5/4091/4981992490_11ef957238_o.jpg	2241217	tCwknTDwLUzY8M+6QP+xig==
https://c5.staticflickr.com/9/8670/16659811280_645e27e5c3_o.jpg	438081	nPJtPlSM9EmDSgLI8TqRiw==
https://farm8.staticflickr.com/102/283696707_04235bf34e_o.jpg	83367	ewi6tAk7D8Z8oOE8Wi3fuA==
https://farm6.staticflickr.com/4047/4685736311_cf385a849a_o.jpg	7721491	h8owPE/HYlOzrRSicJFCfQ==
https://farm8.staticflickr.com/6210/6099515726_6b72f1abf0_o.jpg	261708	PoBaJ8qnzDxlpaIVcsVV4Q==
https://c5.staticflickr.com/1/6/9857059_f2cf399ff3_o.jpg	377935	C+CR4YIizIublXRVr0tlvg==
https://c4.staticflickr.com/8/7463/15989030489_614504053f_o.jpg	372695	GWYZozDdQFtyL5/WVJv3CQ==
https://farm2.staticflickr.com/7301/8746901660_1cb441a4a7_o.jpg	3211309	WPIR44t0Qhszs973Xeh1VA==
https://farm7.staticflickr.com/4052/4241923013_b7c09bd53b_o.jpg	921808	Od+xFE+qwMKYrb9nOuvZtA==
https://c6.staticflickr.com/4/3836/15059991712_d02d910225_o.jpg	2823513	5nrl3pxgYCN8iPpJAzeLZw==
https://farm2.staticflickr.com/3917/14589191718_5bc1209260_o.jpg	6847404	TFc2tW6idF3lF9ByUiVEdg==
https://farm7.staticflickr.com/4087/5036986839_f1bef90173_o.jpg	1889378	jq7wCS3xSNf8s+iLa3wsjQ==
https://farm3.staticflickr.com/2672/3836490444_8c5c6f1198_o.jpg	1235155	AvsLtlolhZ+AQLkq7vJNfw==
https://farm7.staticflickr.com/3774/9421418963_c3002bd2de_o.jpg	3481979	Ddf0hjJOIxO9emWlLveP6Q==
https://farm3.staticflickr.com/4095/4881428043_aba6a8c7d1_o.jpg	1381559	1pCLf8od9as8g5utz+ujWQ==
https://c2.staticflickr.com/4/3953/15535910198_e0ac555f58_o.jpg	6431788	pyNI6xmFMhtOlUIGJbVzSQ==
https://c1.staticflickr.com/7/6238/6299463695_a7e9d2fbfe_o.jpg	723009	CQ8fPMb1mfhH4K9tNWloJA==
https://c5.staticflickr.com/1/28/56770890_253e998737_o.jpg	131263	ZcfPNN/pZcBEBidYA/TGsg==
https://farm6.staticflickr.com/3427/3275699772_c81e9c47e1_o.jpg	32768	P4Nq9a66wLDCTs5xPDbTUQ==
https://farm3.staticflickr.com/2621/3714865100_6334cdc1b1_o.jpg	4444218	tGAfB9TJgv+26/LIrD3+cA==
https://farm3.staticflickr.com/3733/14115564930_06c1d8335d_o.jpg	212355	1Qw8AnEBAeeXnpWAJsXdgg==
https://farm3.staticflickr.com/8663/16113816254_6eb179594b_o.jpg	2180441	9PIQ8WtGivUXg82M93o3Rg==
https://farm4.staticflickr.com/3202/2973670839_c0f81cec09_o.jpg	2497862	ZmOej4isPuA48mCXttBgoA==
https://farm8.staticflickr.com/5163/5266118796_969ebf2c47_o.jpg	862814	DMxijIp3NGWMceXq/VOmIw==
https://c8.staticflickr.com/8/7343/13890442407_04c69b8042_o.jpg	1407354	g//xQS3Xnf3YVYdtF5xuNA==
https://farm8.staticflickr.com/4134/4936718791_e4cb638af2_o.jpg	381536	/DjvRnkRUip23ZFlFXR23g==
https://farm4.staticflickr.com/4070/4450951388_32ce3c2f00_o.jpg	3943202	PIbABEFmzJR5UzO3qUVjKQ==
https://farm7.staticflickr.com/4123/4870877980_65232452ff_o.jpg	5033495	MU4RSkpZVSrC4/qrSCA/iw==
